family,probability,sample_size,p2_type7_bias,p2_type7_mae,adaptive_type7_bias,adaptive_type7_mae,adaptive_over_p2_type7_mae,p2_true_bias,p2_true_mae,adaptive_true_bias,adaptive_true_mae,adaptive_over_p2_true_mae
"Normal(0,1)",0.01,20,0.3988224968110443,0.43977925898972076,1.224380243701255,1.239101999037176,2.817554429200897,0.9022841727782929,0.9748182678603344,1.7278419196685035,1.7523390550226399,1.7976058849091074
"Normal(0,1)",0.01,50,0.26862941683917246,0.3333663291612988,1.2656730144561439,1.2895168775585006,3.8681677324843737,0.5111003050545658,0.5878968273856764,1.5081439026715375,1.5314275601642495,2.604925709455464
"Normal(0,1)",0.01,100,0.14282470752256257,0.21312547310519445,1.248110332933074,1.275325405023827,5.9839182357819425,0.27131744424570653,0.36523606303030365,1.3766030696562177,1.400440606862484,3.8343437262006885
"Normal(0,1)",0.01,250,-0.03755266389080176,0.10587013614712515,1.1917699620362021,1.222133231906147,11.543701334319419,-0.0022501192638373774,0.21878156547447306,1.2270725066631667,1.2498487306541335,5.712769848517987
"Normal(0,1)",0.01,500,-0.04843943866731463,0.07880777171050994,1.1026679265540722,1.125774009584531,14.285063327509308,-0.020626884179385956,0.15583709014596686,1.1304804810420008,1.1527368587127331,7.3970635465087735
"Normal(0,1)",0.01,1000,-0.009736933455808342,0.0763410172813569,1.023898649068686,1.042429140551522,13.654902405997829,0.008772538484348832,0.1346653219198231,1.0424081210088434,1.0640476025413466,7.901422484809103
"Normal(0,1)",0.01,2500,-0.004902507836083786,0.04037901698724487,0.9375487105332458,0.9580931275225313,23.72750004848257,-0.0012408145537835702,0.0742925567235259,0.9412104038155462,0.9619203944960898,12.947735774874506
"Normal(0,1)",0.01,5000,0.0008439883287761241,0.018572996773196848,0.874505960056517,0.8947883559479355,48.17684334276237,-0.0006123538182897847,0.04773331603254889,0.873049617909451,0.8932550945165051,18.713451500151447
"Normal(0,1)",0.01,10000,6.451668937251798e-05,0.013160408349423346,0.8091884748997437,0.8293101252367677,63.01553137392624,0.002336765694745252,0.03154859204869505,0.8114607239051164,0.8311639702882365,26.34551706793572
"Normal(0,1)",0.05,20,0.08111772123463186,0.28683501562963387,0.9610489780677718,1.0089730980800198,3.517607834124487,0.22078992568892505,0.5171411212326898,1.1007211825220649,1.1595573309221336,2.2422454593402676
"Normal(0,1)",0.05,50,-0.08917152866137619,0.16529091469147789,0.853243770830938,0.9035169602496088,5.4662227620680754,-0.03842891003351562,0.2786110493078623,0.9039863894587986,0.9554886865195872,3.4294716196405486
"Normal(0,1)",0.05,100,-0.08670700254366728,0.13177175909371863,0.752578638605638,0.8027625713962634,6.09206841372834,-0.048768233610031346,0.1946060140868759,0.790517407539274,0.8365457366320793,4.298663330407811
"Normal(0,1)",0.05,250,-0.011436193790571803,0.05834490377879881,0.647349714198976,0.6976401415508358,11.957173572447335,0.004353973466013244,0.1247713549302066,0.6631398814555611,0.7038959813969929,5.641487036754001
"Normal(0,1)",0.05,500,-0.01625458636570075,0.046553003009523294,0.5859824663045892,0.622777789546394,13.377822036936973,-0.017632923449782727,0.0931596760742656,0.5846041292205072,0.622438517446814,6.681415647587854
"Normal(0,1)",0.05,1000,-0.005911060468577095,0.02858083193829155,0.5143871272153882,0.548109378074449,19.177516569771793,-0.007924831271089538,0.06798244705666986,0.5123733564128757,0.5468821081248826,8.044460471818617
"Normal(0,1)",0.05,2500,-0.0033487471683678717,0.019539026595584912,0.4311058919914963,0.4603205761913566,23.5590331964322,-0.0010723980290629708,0.04056237199842561,0.43338224113080115,0.46366954914046443,11.431026498116562
"Normal(0,1)",0.05,5000,-0.004735279494069039,0.012381818187169085,0.38140966689282785,0.407346497618426,32.89876264218992,-0.004316135743837724,0.031106473644778393,0.38182881064305924,0.40899008101784873,13.1480696169012
"Normal(0,1)",0.05,10000,-0.004930338076708415,0.008883571969443702,0.3341026625672418,0.3574408411632052,40.23616202949369,-0.002613255982895746,0.022600106640006362,0.3364197446610545,0.36079155709991706,15.964152862059924
"Normal(0,1)",0.5,20,-0.015948685492316685,0.10838454401943007,0.0016095380941124199,0.3746958838543537,3.457097017331014,0.05156650936395293,0.2370848491774385,0.06912473295038202,0.4906041239702188,2.0693187509550306
"Normal(0,1)",0.5,50,-0.0019140510903227867,0.055851431124331385,0.019963809753030713,0.3103500478300679,5.5567071708367655,0.028725051742933272,0.1740931490943266,0.050602912586286776,0.36236935620336763,2.081468214507567
"Normal(0,1)",0.5,100,0.006770313228646243,0.04246213555044222,0.04237523629794,0.25865432655364773,6.091411164339189,0.0027832455706645206,0.09802689714074572,0.038388168639958274,0.277051773112134,2.826283205866924
"Normal(0,1)",0.5,250,0.003961505819999414,0.02403516642020049,0.029659963958390954,0.19261031255297717,8.013687493800616,0.0009668899015015956,0.05699883465454891,0.026665348039893143,0.19907634717943917,3.4926389001805926
"Normal(0,1)",0.5,500,0.0005541105572974003,0.014288230297547042,0.01910808970319078,0.1564585438356499,10.950169515570462,0.0019136871006913525,0.04527350406701225,0.020467666246584727,0.15823640605354836,3.495121690146457
"Normal(0,1)",0.5,1000,-0.0004953660811559242,0.008864210756871053,0.01495590964631309,0.12550469490233035,14.158586516576893,0.0007089669718902795,0.030198780215318115,0.01616024269935929,0.12666232760717835,4.194286216332996
"Normal(0,1)",0.5,2500,-0.0008849821705526025,0.004338399776092106,0.009183767104094766,0.09231615482602942,21.278849250998466,0.003004886178449226,0.01854117242387174,0.013073635453096593,0.09425691213550318,5.083654365575474
"Normal(0,1)",0.5,5000,-0.00034144110789596045,0.002891154582107631,0.008971100722450536,0.07412831447540194,25.63969250698554,0.001006725976285954,0.013728968894037713,0.010319267806632454,0.07485926062670363,5.452649882484175
"Normal(0,1)",0.5,10000,7.358608640168482e-05,0.001706057816546072,0.008486812252734097,0.058275399496198046,34.15792766869828,-0.0004724019406569177,0.010552046614512561,0.007940824225675495,0.06051289476012589,5.734706921868654
"Normal(0,1)",0.95,20,-0.08442086815184272,0.2801131664481784,-0.8478697017369304,0.8651053352950203,3.088413680315405,-0.2146541748505974,0.47926039842851836,-0.9781030084356852,1.041960398473303,2.1741007641980485
"Normal(0,1)",0.95,50,0.049519099318042166,0.1392244199215905,-0.7742905460306372,0.8033375560475979,5.77009088276344,0.016879211564302263,0.23056406985756492,-0.806930433784377,0.8658684085371519,3.75543513380926
"Normal(0,1)",0.95,100,0.06331241303098412,0.09794437426789467,-0.6804228873204126,0.7168259112970453,7.318704281436354,0.035070785609353304,0.17060596636093234,-0.7086645147420432,0.7639558671578469,4.47789654402607
"Normal(0,1)",0.95,250,0.005779570341235168,0.05060342487838824,-0.5972817738475115,0.632511151421066,12.49937435936672,0.0067464680457627905,0.099138679475212,-0.5963148761429837,0.6460002119447916,6.516126857492725
"Normal(0,1)",0.95,500,0.00021331946648960043,0.03966616033826338,-0.5248020437913354,0.5707191493391601,14.388061372015992,0.0009758898957636597,0.07994515471293519,-0.5240394733620614,0.5677364678095552,7.101574446233388
"Normal(0,1)",0.95,1000,0.0006928066396305749,0.025583280476364312,-0.46574807497218956,0.5042498011142343,19.71013066835181,0.004747017697377373,0.051421751174565766,-0.4616938639144427,0.5013709978988862,9.750173544203884
"Normal(0,1)",0.95,2500,0.00043268230492069513,0.01424271688186426,-0.39519362584184503,0.42990346403669627,30.18409111144427,0.007451247282017584,0.037493886020586474,-0.3881750608647482,0.42295803637245843,11.28072017235632
"Normal(0,1)",0.95,5000,-5.2451685632284864e-05,0.007946025381995389,-0.3493643259853024,0.3798970057039989,47.80968942847751,0.00809533945553991,0.028626655766796773,-0.34121653484413017,0.37223351938287125,13.003038930401857
"Normal(0,1)",0.95,10000,-0.0008267805344955109,0.004674462860295617,-0.30299640105957737,0.3302507541298817,70.64998995606446,0.0008105574552623839,0.01775710987724861,-0.3013590630698194,0.32896416221701885,18.52577161999239
"Normal(0,1)",0.99,20,-0.41829928700408703,0.45737189172816584,-1.1252700170964023,1.128287741657711,2.4668934887854825,-0.8961484219399661,0.9296104563065531,-1.6031191520322814,1.6123182943001324,1.734402064178639
"Normal(0,1)",0.99,50,-0.31799318418667444,0.36751453357900254,-1.1885816081535687,1.1918257118071394,3.242934912534389,-0.5342354353269991,0.567697469693586,-1.4048238592938933,1.414787170577592,2.4921498616881657
"Normal(0,1)",0.99,100,-0.11949987945285631,0.15470203356912196,-1.1219083893773312,1.1219083893773312,7.252059740223483,-0.2858757181013458,0.3395633119509912,-1.2882842280258207,1.29780174459889,3.821972807198324
"Normal(0,1)",0.99,250,0.03218960883705112,0.0934631513353986,-1.1006371367594898,1.1052925599118737,11.825971456338545,-0.020009170121966048,0.15474073002217592,-1.1528359157185073,1.1620173541120522,7.509447279623944
"Normal(0,1)",0.99,500,0.04035293640954185,0.07045760300840906,-1.0330858314479952,1.0349286813566587,14.688672863780802,0.010771430119756911,0.13977397578028222,-1.0626673377377798,1.071367801094526,7.665001979901203
"Normal(0,1)",0.99,1000,0.029245807663235535,0.05521888842036038,-0.977841863340597,0.9829677812848878,17.801296067424037,0.02509498122901263,0.08785675763741677,-0.98199268977482,0.9903886056870059,11.272765263820931
"Normal(0,1)",0.99,2500,0.005640731476160432,0.03067678457761728,-0.8922461020132506,0.8969067877366438,29.237314147684646,0.01214050699265834,0.06621804704891514,-0.8857463264967528,0.8939886197768854,13.500679340731656
"Normal(0,1)",0.99,5000,0.00024907025315690776,0.02111635698948606,-0.8258784491546672,0.8327684049839039,39.437124755872595,0.004135223445711533,0.04741048731451308,-0.8219922959621127,0.829873920617348,17.504015833292453
"Normal(0,1)",0.99,10000,0.00037126329704423864,0.012005542502434425,-0.7641546664790779,0.7712877065781438,64.24430269783693,-0.0006129234250589366,0.030550314394806582,-0.7651388532011811,0.7727382893063635,25.29395538520957
"Student-t(df=3), unit variance",0.01,20,0.5436060123140347,0.6005391046939904,1.1993562687452513,1.2127318777740521,2.019405344789345,1.4741734639488084,1.486922751121672,2.1299237203800248,2.140402884719876,1.4394849248928674
"Student-t(df=3), unit variance",0.01,50,0.6687862046908404,0.7139700823759739,1.6533750033073296,1.6683916927476303,2.336780957537464,0.9988555958378413,1.0630082098304927,1.9834443944543305,1.9932579772764172,1.8751106142390586
"Student-t(df=3), unit variance",0.01,100,0.246431845836675,0.32276776214021247,1.679080914476328,1.679080914476328,5.202133271745162,0.45420865372544234,0.6827946562221022,1.8868577223650955,1.8977603443660533,2.7794012842255493
"Student-t(df=3), unit variance",0.01,250,-0.2827226613938221,0.33173218195065884,1.63687958469146,1.6419696656968483,4.9496845800178395,-0.14073430261586006,0.551345372864963,1.7788679434694221,1.7890721799912783,3.24492100241034
"Student-t(df=3), unit variance",0.01,500,-0.13951765955027723,0.2596005208808698,1.6423766560321695,1.6423766560321695,6.326553777547515,-0.0773092408113593,0.3950586873163603,1.7045850747710873,1.7149198621248587,4.340924316268896
"Student-t(df=3), unit variance",0.01,1000,-0.05510180519441536,0.1590283123195566,1.6050174383657683,1.6050174383657683,10.092652150772969,-0.022261262277866577,0.30995198987230144,1.6378579812823173,1.6482308656952072,5.317697319427662
"Student-t(df=3), unit variance",0.01,2500,-0.016852313858437336,0.10062384171814127,1.522121759023559,1.5232313767811272,15.137877373514222,0.0179736656883427,0.17966092294625413,1.556947738570339,1.56725899551939,8.723427275213533
"Student-t(df=3), unit variance",0.01,5000,-0.0225615018704673,0.07739159673086718,1.47993392464354,1.4840806194121814,19.17625016283279,-0.0012800097968548364,0.12193047149689087,1.5012154167171523,1.5113968124112531,12.395562765045097
"Student-t(df=3), unit variance",0.01,10000,-0.0250449302332054,0.05084400007297999,1.4568719849316327,1.46191168800419,28.752885018995453,-0.0330290441687605,0.09019102829397423,1.4488878709960775,1.4589805331091275,16.176559472785208
"Student-t(df=3), unit variance",0.05,20,0.004672141726016693,0.2957637416497496,0.6992500954807468,0.7664030564460184,2.591267787495098,0.21131245882824862,0.5299306419063752,0.9058904125829788,0.9884932793392988,1.865325763732567
"Student-t(df=3), unit variance",0.05,50,-0.20730838197844426,0.2650946140327948,0.6485106368323162,0.6963857452189407,2.626932832112504,-0.07957356775673152,0.38664295335376087,0.7762454510540289,0.8587248921840971,2.2209764454142333
"Student-t(df=3), unit variance",0.05,100,-0.1595582323646596,0.2055287590626289,0.6537416243212,0.7314532795275918,3.558885300838617,-0.11978892729047477,0.276546131439608,0.6935109293953848,0.7703868678579947,2.7857445115851545
"Student-t(df=3), unit variance",0.05,250,-0.013482313373179238,0.1097461644137487,0.5826384878481514,0.6436412726527688,5.86481792863583,0.0101867060401271,0.16809819894582653,0.6063075072614578,0.6760735973679542,4.021896734216851
"Student-t(df=3), unit variance",0.05,500,-0.019922213690295593,0.06370606265821618,0.5261522302890927,0.5797465104528257,9.100334980097152,0.0013435353837363579,0.11179337174793776,0.5474179793631246,0.6130067242395091,5.483390604066088
"Student-t(df=3), unit variance",0.05,1000,-0.010935038927366894,0.04517151862386722,0.48201842346625057,0.53868461655291,11.925315618419033,0.004533546502822419,0.08965262324920979,0.4974870088964399,0.5590489157549131,6.235722899049032
"Student-t(df=3), unit variance",0.05,2500,-0.01353536927559502,0.02707025615542589,0.4260000369881686,0.48196183874779486,17.804110754644327,-0.00047135414351239804,0.04656475291277762,0.4390640521202512,0.49624265482790275,10.657044734188444
"Student-t(df=3), unit variance",0.05,5000,-0.010785021581371785,0.01921767311798962,0.39124626062537643,0.44497555307549863,23.154496922884906,-0.0011010454554833155,0.03668625749004949,0.40093023675126493,0.4546566261740225,12.393104592294275
"Student-t(df=3), unit variance",0.05,10000,-0.006924860487000866,0.011617797196632852,0.3631770996150028,0.4140706753516253,35.64106588739852,-0.00360681734055536,0.02503163721878914,0.3664951427614483,0.4166150261915952,16.643538836479998
"Student-t(df=3), unit variance",0.5,20,-0.026954415666957325,0.07015003343446043,0.017135081291211097,0.2502425924618127,3.5672483705315496,-0.02773924306586432,0.13995968925330313,0.0163502538923041,0.2692182410815124,1.9235412890512593
"Student-t(df=3), unit variance",0.5,50,-0.018415326980319637,0.04708235615157373,0.019593908156309958,0.17258140636387406,3.6655218742298543,-0.025662646787739628,0.08404616198776842,0.01234658834888997,0.17743862849792183,2.1112044179214893
"Student-t(df=3), unit variance",0.5,100,-0.008329870069130593,0.028702173558406187,0.017601264052989906,0.1316505441573193,4.586779600138052,-0.016301878775875932,0.06761912775483284,0.009629255346244564,0.1253759511066927,1.8541491922414202
"Student-t(df=3), unit variance",0.5,250,-0.0029137511311854865,0.016350065217884627,0.010731314277234899,0.08569952874990328,5.241540483652645,-0.009075899520464698,0.04187254732237374,0.00456916588795569,0.08642153070118486,2.0639186347043013
"Student-t(df=3), unit variance",0.5,500,-0.0036272995776898227,0.010308464022635647,0.010224705790333698,0.06458401889330673,6.265144715205983,-0.012484791946141698,0.030098176997045943,0.0013672134218818202,0.06492952110893865,2.1572576011932987
"Student-t(df=3), unit variance",0.5,1000,-0.001264104957732951,0.006127949717266774,0.004453046868917792,0.047357130448001605,7.72805467292968,-0.003397037968440294,0.020679281739959178,0.002320113858210448,0.04934324998157747,2.386120108138479
"Student-t(df=3), unit variance",0.5,2500,-0.0018815024658090263,0.003529282720716192,0.0028196737687183012,0.03317638223891834,9.40031866650397,-0.004137193107688219,0.011977007271045179,0.0005639831268391057,0.03405542804733584,2.8434004652953657
"Student-t(df=3), unit variance",0.5,5000,-0.001436937633557269,0.002158906995047029,0.0015362292733237903,0.025586120313546595,11.851423137840746,-0.0024312998580302415,0.00824333497170424,0.0005418670488508186,0.025516911091475303,3.0954596870154725
"Student-t(df=3), unit variance",0.5,10000,-0.0007893186381574345,0.0013155476175781497,0.0004364595262093488,0.019132366585184718,14.543271812848817,-0.00023009966988066067,0.005685387111884323,0.000995678494486122,0.019238577665833874,3.3838641568696244
"Student-t(df=3), unit variance",0.95,20,0.0817803219366271,0.3513622287546555,-0.6051215807931432,0.7301889082539285,2.0781656322079938,-0.19863732281240173,0.5476861766208785,-0.8855392255421719,0.9768493343692356,1.7835931890708174
"Student-t(df=3), unit variance",0.95,50,0.1954148517600848,0.24789900989103036,-0.6614657977961637,0.7550594078203663,3.0458347056419055,0.10384873911115144,0.375486445743762,-0.7530319104450971,0.8376799247026767,2.230919209462818
"Student-t(df=3), unit variance",0.95,100,0.12578933256137786,0.17328018781701549,-0.622592648553981,0.7111573240629796,4.104089065357918,0.07064626596453245,0.24751013154146548,-0.6777357151508265,0.7580815341617958,3.0628303150281107
"Student-t(df=3), unit variance",0.95,250,0.013397564119062885,0.09233045068513647,-0.5565137015216644,0.6261514426012971,6.781635288845136,-0.02422527299839321,0.15063803658133523,-0.5941365386391204,0.6690305270910522,4.441312050225887
"Student-t(df=3), unit variance",0.95,500,0.008164501252319396,0.0638529488595081,-0.5065713880730944,0.577330552866926,9.041564456751914,-0.02466984760295434,0.11284010267771565,-0.5394057369283682,0.6095615614220378,5.4019940336550025
"Student-t(df=3), unit variance",0.95,1000,0.01662826037656695,0.04552331297169012,-0.48324437574094026,0.5465488760280448,12.005911704359713,0.010234529188879612,0.07404665567075037,-0.4896381069286275,0.5552606689923317,7.498794698592562
"Student-t(df=3), unit variance",0.95,2500,0.012380621322499796,0.02707637595829691,-0.43422572049181796,0.492387122876487,18.185119147217584,0.014684166347614366,0.05200664607483928,-0.43192217546670336,0.4923339685779715,9.466750996968479
"Student-t(df=3), unit variance",0.95,5000,0.008023079607861087,0.017759757659891733,-0.39035747590241165,0.4476472459818055,25.205706888262487,0.004271331844406243,0.03728030087467332,-0.3941092236658666,0.4504757286476508,12.083478890420789
"Student-t(df=3), unit variance",0.95,10000,0.003979320928673713,0.010872454804282816,-0.35902300162936973,0.41024286451617425,37.732312702240314,0.0028216476721981383,0.023726912565066875,-0.36018067488584526,0.412867695504736,17.400818348047565
"Student-t(df=3), unit variance",0.99,20,-0.5001225978722127,0.5850765498715101,-1.1407795960645668,1.1653338872183774,1.991763107706673,-1.4614983279329608,1.5171618165921559,-2.1021553261253145,2.1157195774567965,1.3945246672560736
"Student-t(df=3), unit variance",0.99,50,-0.5896995322843475,0.6682680707376727,-1.5421474489152043,1.5652385151880164,2.3422314842308958,-0.9960350931697779,1.0807755800978402,-1.948483009800635,1.9633841057895345,1.8166436602979072
"Student-t(df=3), unit variance",0.99,100,-0.1823175134866019,0.3392888527545376,-1.4838859731059766,1.525964571519,4.497538186504985,-0.5565089234076621,0.7391580175777533,-1.8580773830270367,1.8719768790647884,2.532580090518834
"Student-t(df=3), unit variance",0.99,250,0.2561532042255705,0.30630784408003214,-1.586530384681144,1.6001545845887286,5.224007858481874,0.08690287893845326,0.4859983811865435,-1.7557807099682612,1.7689392753056083,3.639804871338916
"Student-t(df=3), unit variance",0.99,500,0.15691025722977284,0.2839224536583447,-1.5974897322009496,1.6251081650837391,5.723774728430944,0.06973027758813957,0.4504427686511008,-1.684669711842583,1.6976674187548333,3.7688859426885255
"Student-t(df=3), unit variance",0.99,1000,0.13298769316223416,0.199954314544144,-1.5705932457827148,1.5868321329801662,7.9359734577262175,0.08536733912003011,0.25494121372385903,-1.6182135998249187,1.6309168394373899,6.397227092532502
"Student-t(df=3), unit variance",0.99,2500,0.046637583023332645,0.10326366998351047,-1.5229851154164105,1.5453900179065785,14.965476417343604,0.03233992650232168,0.18638296981113486,-1.5372827719374216,1.5495757826219514,8.313934391066757
"Student-t(df=3), unit variance",0.99,5000,0.028740990352096242,0.07412137319877134,-1.463211911658784,1.4823697576850718,19.999221462206318,0.009617619326308308,0.13428472734519753,-1.4823352826845722,1.4943205770436934,11.128000976628824
"Student-t(df=3), unit variance",0.99,10000,0.02681386088581964,0.055793087154947484,-1.4196619770042602,1.4329261099655761,25.682861139877087,0.01565749201601937,0.08702349771610976,-1.4308183458740604,1.4426446336558532,16.577644791549115
